ticker,n_rows,accuracy
WNLB,359.0,0.5905292479108635
BHDC,360.0,0.5861111111111111
UNLB,360.0,0.5861111111111111
NMBMF,360.0,0.5805555555555556
HEIP,338.0,0.5798816568047337
NICSF,358.0,0.5754189944134078
EHPL,359.0,0.5738161559888579
NIBSF2,357.0,0.5714285714285714
UPCL,360.0,0.5694444444444444
SMB,360.0,0.5666666666666667
PPL,360.0,0.5666666666666667
FMDBL,360.0,0.5666666666666667
MFIL,360.0,0.5666666666666667
SINDU,360.0,0.5638888888888889
PFL,346.0,0.5606936416184971
RMF1,359.0,0.5598885793871866
DORDI,359.0,0.5598885793871866
SPC,360.0,0.5583333333333333
CORBL,360.0,0.5555555555555556
SPL,360.0,0.5555555555555556
KKHC,359.0,0.5543175487465181
BNHC,359.0,0.5543175487465181
LUK,354.0,0.5536723163841808
KDBY,358.0,0.553072625698324
PRIN,360.0,0.5527777777777778
HIDCLP,360.0,0.5527777777777778
ALBSL,359.0,0.5515320334261838
MLBBL,360.0,0.55
MHCL,359.0,0.5487465181058496
GMFBS,359.0,0.5487465181058496
MLBS,359.0,0.5487465181058496
NICBF,316.0,0.5474683544303798
GHL,360.0,0.5472222222222223
HURJA,360.0,0.5472222222222223
NGPL,360.0,0.5472222222222223
MPFL,360.0,0.5472222222222223
SHPC,360.0,0.5472222222222223
NIMB,360.0,0.5472222222222223
NIFRA,360.0,0.5472222222222223
RBCLPO,326.0,0.5460122699386503
ILBS,359.0,0.5459610027855153
SMFBS,360.0,0.5444444444444444
FOWAD,360.0,0.5444444444444444
MBJC,360.0,0.5444444444444444
NADEP,360.0,0.5444444444444444
PCBL,360.0,0.5444444444444444
MDB,360.0,0.5444444444444444
MHL,360.0,0.5444444444444444
GIBF1,359.0,0.5431754874651811
CMF2,319.0,0.542319749216301
NYADI,360.0,0.5416666666666666
MKHC,360.0,0.5416666666666666
NLG,360.0,0.5416666666666666
PRVU,360.0,0.5416666666666666
CIT,360.0,0.5416666666666666
SHIVM,360.0,0.5416666666666666
NABBC,355.0,0.5408450704225352
CHL,359.0,0.5403899721448467
SWMF,359.0,0.5403899721448467
SEF,356.0,0.5393258426966292
KEF,358.0,0.5391061452513967
NSIF2,358.0,0.5391061452513967
JBBL,360.0,0.5388888888888889
GFCL,360.0,0.5388888888888889
GRDBL,360.0,0.5388888888888889
SPHL,360.0,0.5388888888888889
SAPDBL,360.0,0.5388888888888889
KMCDB,360.0,0.5388888888888889
SSHL,359.0,0.5376044568245125
MLBSL,359.0,0.5376044568245125
SHINE,360.0,0.5361111111111111
NABIL,360.0,0.5361111111111111
PROFL,360.0,0.5361111111111111
NICLBSL,360.0,0.5361111111111111
SMH,358.0,0.5335195530726257
JFL,360.0,0.5333333333333333
KPCL,360.0,0.5333333333333333
KBL,360.0,0.5333333333333333
MEN,360.0,0.5333333333333333
HBL,360.0,0.5333333333333333
RURU,360.0,0.5333333333333333
SMJC,360.0,0.5333333333333333
BHL,360.0,0.5333333333333333
BARUN,359.0,0.532033426183844
KDL,360.0,0.5305555555555556
UPPER,360.0,0.5305555555555556
DDBL,360.0,0.5305555555555556
SIGS2,336.0,0.5297619047619048
MERO,359.0,0.5292479108635098
SMHL,359.0,0.5292479108635098
BBC,360.0,0.5277777777777778
RLFL,360.0,0.5277777777777778
UNHPL,360.0,0.5277777777777778
GLH,360.0,0.5277777777777778
NTC,360.0,0.5277777777777778
RHPL,360.0,0.5277777777777778
NFS,360.0,0.5277777777777778
ULBSL,359.0,0.5264623955431755
ICFC,360.0,0.525
UMHL,360.0,0.525
RFPL,359.0,0.5236768802228412
TRH,358.0,0.5223463687150838
AVYAN,360.0,0.5222222222222223
GILB,360.0,0.5222222222222223
NICA,360.0,0.5222222222222223
RADHI,360.0,0.5222222222222223
SLBSL,360.0,0.5222222222222223
SFCL,345.0,0.5217391304347826
UNL,324.0,0.5216049382716049
SFMF,317.0,0.5205047318611987
NBF2,358.0,0.5195530726256983
NBF3,358.0,0.5195530726256983
RSDC,360.0,0.5194444444444445
PMHPL,360.0,0.5194444444444445
TAMOR,360.0,0.5194444444444445
SIKLES,360.0,0.5194444444444445
LBBL,360.0,0.5194444444444445
LICN,360.0,0.5194444444444445
GLBSL,360.0,0.5194444444444445
BHPL,360.0,0.5194444444444445
DLBS,359.0,0.5181058495821727
GBIME,360.0,0.5166666666666667
JOSHI,360.0,0.5166666666666667
GUFL,360.0,0.5166666666666667
MLBL,360.0,0.5166666666666667
SKBBL,360.0,0.5166666666666667
SIFC,359.0,0.5153203342618384
LLBS,359.0,0.5153203342618384
NICFC,358.0,0.5139664804469274
DHPL,360.0,0.5138888888888888
RHGCL,359.0,0.5125348189415042
ALICL,359.0,0.5125348189415042
SBCF,359.0,0.5125348189415042
AHL,360.0,0.5111111111111111
UMRH,360.0,0.5111111111111111
NRN,360.0,0.5111111111111111
HPPL,360.0,0.5111111111111111
RBCL,358.0,0.5083798882681564
CZBIL,360.0,0.5083333333333333
CFCL,360.0,0.5083333333333333
BFC,360.0,0.5083333333333333
USLB,360.0,0.5083333333333333
MKJC,360.0,0.5083333333333333
NUBL,359.0,0.5069637883008357
ENL,359.0,0.5069637883008357
VLBS,358.0,0.505586592178771
JSLBB,358.0,0.505586592178771
CYCL,360.0,0.5055555555555555
API,360.0,0.5055555555555555
USHEC,360.0,0.5055555555555555
JBLB,360.0,0.5055555555555555
GBLBS,319.0,0.5047021943573667
NMB50,335.0,0.5044776119402985
LEC,360.0,0.5027777777777778
HLBSL,360.0,0.5027777777777778
SPIL,360.0,0.5027777777777778
NESDO,360.0,0.5027777777777778
CHDC,360.0,0.5027777777777778
SANIMA,360.0,0.5027777777777778
MSLB,360.0,0.5
HHL,360.0,0.5
NLIC,360.0,0.5
ACLBSL,359.0,0.4986072423398329
AHPC,360.0,0.49722222222222223
MBL,360.0,0.49722222222222223
HEI,360.0,0.49722222222222223
CBBL,360.0,0.49722222222222223
HIDCL,360.0,0.49722222222222223
SLBBL,360.0,0.49722222222222223
SBL,360.0,0.49722222222222223
NHPC,360.0,0.49722222222222223
SLCF,358.0,0.4972067039106145
SWBBL,360.0,0.49444444444444446
HDHPC,360.0,0.49444444444444446
SHEL,360.0,0.49444444444444446
SJCL,360.0,0.49444444444444446
NRIC,359.0,0.49303621169916434
BNT,351.0,0.4928774928774929
MNBBL,360.0,0.49166666666666664
MHNL,360.0,0.49166666666666664
SJLIC,360.0,0.49166666666666664
SGHC,360.0,0.49166666666666664
HDL,360.0,0.49166666666666664
CGH,360.0,0.49166666666666664
CHCL,360.0,0.49166666666666664
EDBL,360.0,0.4888888888888889
PPCL,360.0,0.4888888888888889
NMB,360.0,0.4888888888888889
STC,360.0,0.4888888888888889
NMFBS,360.0,0.4888888888888889
SAGF,354.0,0.4887005649717514
ADBL,360.0,0.4861111111111111
NIL,360.0,0.4861111111111111
NBL,360.0,0.4861111111111111
SMATA,360.0,0.4861111111111111
SADBL,360.0,0.4861111111111111
NICL,360.0,0.4861111111111111
MMF1,359.0,0.48467966573816157
SHLB,359.0,0.48467966573816157
NLICL,359.0,0.48467966573816157
SGIC,360.0,0.48333333333333334
AKJCL,360.0,0.48333333333333334
UHEWA,359.0,0.4818941504178273
SPDL,360.0,0.48055555555555557
GVL,360.0,0.48055555555555557
GBBL,360.0,0.48055555555555557
SHL,360.0,0.48055555555555557
SAHAS,360.0,0.48055555555555557
SCB,360.0,0.4777777777777778
PHCL,360.0,0.4777777777777778
BPCL,360.0,0.4777777777777778
PSF,358.0,0.4776536312849162
GMFIL,360.0,0.475
KSBBL,360.0,0.475
TPC,359.0,0.4735376044568245
AKPL,360.0,0.4722222222222222
SBI,360.0,0.4722222222222222
RIDI,360.0,0.46944444444444444
SICL,360.0,0.46944444444444444
OHL,360.0,0.4638888888888889
EBL,360.0,0.4583333333333333
NHDL,360.0,0.42777777777777776
